{"cameraMode":{"drawMode":0,"name":"Shaded","section":"Shading Mode"},"sceneLighting":true,"audioPlay":false,"sceneViewState":{"m_AlwaysRefresh":false,"showFog":true,"showSkybox":true,"showFlares":true,"showImageEffects":true,"showParticleSystems":true,"showVisualEffectGraphs":true,"m_FxEnabled":true},"in2DMode":false,"pivot":{"x":0.9198561906814575,"y":0.17248260974884034,"z":0.7142479419708252},"rotation":{"x":-0.0458412766456604,"y":0.918894350528717,"z":-0.11219870299100876,"w":-0.37545037269592287},"size":1.3499970436096192,"orthographic":true}